mean,median,std,var,min,max,range,iqr,skew,kurtosis,q25,q75,q90,q95,autocorr_max,autocorr_mean,autocorr_std,trend_slope,trend_intercept,trend_r2,trend_p_value,fft_max_power,fft_mean_power,fft_std_power,dominant_frequency,dominant_power,spectral_centroid,spectral_entropy,relative_std,relative_range,beyond_1sigma,beyond_2sigma,beyond_3sigma,rms,n_peaks,n_valleys,peak_height_mean,peak_height_std,peak_height_range,n_dips,dip_length_mean,dip_length_max,dip_depth_mean,dip_depth_max,dip_fraction,snr_mean,snr_median,weighted_mean,weighted_std,n_points,time_span,label
0.010483555920166714,0.033653073817376554,1.3018719902844134,1.0497619394847044,-2.9010074961554593,3.117070097594822,5.697488613379133,1.8241121535284048,-0.055417855149839136,-0.7509995795932278,-0.9364287951522978,0.9480970951462409,1.20846084320804,1.5687445301648513,0.8715843729525243,-0.005503543914876016,0.1970693909920026,-0.021407571123947595,-0.0037912921485957394,0.015390746536413669,0.9708259385074013,18458788.915337104,9550.512341236943,252022.3702543786,0.021644777626047947,16267384.460731521,6.693679233797043,4.943290480674019,3.911421979967574e+16,2.6123341685560598e+17,0.37609438679149415,0.047097560528342935,-0.017917162662190483,0.9199480141865755,1419.6651783723914,1643.8840775749316,0.662932864659254,1.038353586269419,3.966671066340724,106.96798285898191,0.9776509467507144,2.987981109974762,2.379206997096031,3.1480949909478566,-0.012093433920624227,-0.0031280283254249233,15.982861428716099,0.008224530478271616,1.0206513987335053,10331.824937115507,88.59779532682299,1
0.0018727726884250066,0.05451769200652987,0.9570737552296461,0.8989586000482762,-3.110873520042103,3.3097541045213723,5.473759181441662,1.4128466539560371,-0.04534271274659685,-0.8239430105625971,-0.7879984628181361,0.8898697350882965,1.3332800169282961,1.4220016099332795,0.7037533588359375,-0.006228670232926383,0.28746536176650184,-0.0008135293014341083,0.01043385704504417,-0.00282778679345266,0.9834288511357799,19385199.162162423,10243.430000528582,314134.31571357674,0.049008994333365745,15994465.143287588,7.082376634244302,5.544211174618298,4.187008241984363e+16,2.70527841605928e+17,0.34570260072056075,0.0304169328927311,0.012153317960770925,1.0340929290854994,1280.0591108092538,1383.8955625802735,0.6568739064793468,0.7958053665667152,4.765001524984073,159.97171873167207,1.0531980354774444,3.2639375694400683,2.336501706026412,2.365887828288007,0.010199415485963011,-0.012691278585596558,16.10851779105398,-0.009172829500285378,0.9301943599496366,10523.351686708818,93.63323193580135,1
0.0025480036823973314,0.023565741144264435,1.0117077835383264,1.0982329389000163,-3.073142118173361,3.1480702958753426,5.990245730744571,1.6057620523460001,-0.04167124238338127,-0.7162889551539969,-0.8568394577245186,0.7638744306794926,1.2221046827480013,1.6437093151582878,0.7921605474696588,-0.008029614650674309,0.2539432055169654,0.0015490398429321896,0.0002812797264905867,-0.01516909141417186,1.0177415626819948,20506312.11061145,9503.947807656035,329255.8156521397,0.03340814807459879,15798695.18486469,6.049204705922844,4.803354066697403,5.12873521861321e+16,2.748505965318909e+17,0.3863561217320563,0.023130797226981754,-0.005676653723449277,1.081805471012699,1349.7300973301842,1594.484214280599,0.6232905810646169,1.0247229441179344,4.128429744528873,145.13830967142843,1.000291154218836,3.007176119726753,2.1748078596609126,3.37404090876423,-0.006165008010689227,-0.003201160482657034,15.224922946565634,0.014778031492846844,0.9203004076010328,12054.418465021947,83.55124446283965,1
-0.005051739326755072,0.020982336759116847,0.9045183533151541,1.0148136454734011,-3.1773543704418867,3.085542382980096,5.579326788164612,1.7151205738129738,-0.0361866952676101,-0.8276175076770053,-0.5299417385867959,0.6946461868664137,1.4399447485305246,1.5272358887664437,0.710612050327967,-0.0007341628505465157,0.31318634798340955,0.009190573381054879,-0.0006546039976358994,0.0008410415790445576,0.8894330286348328,18416655.627757642,9914.24568241022,337455.5190370186,0.044170897916822,15498800.683390154,6.585190334663344,5.6854611658505405,3.952289046396049e+16,2.6489347437524976e+17,0.32507942592023725,0.024679589411502063,-0.00043383351428873644,1.1790180367512675,1632.6764257468012,1610.4703254663257,0.5468468864050143,0.9290922138378143,3.886112959269449,173.1983963575491,1.189923216816909,2.9087018291027706,2.6282774294014435,3.2256097730271387,0.00945755834747236,0.0034611778202423937,14.729459208765011,-0.0038780101544122233,1.0457516334811159,10238.290795835062,99.9830213527839,1
-0.005614720554860693,0.046060857141476286,1.002085267379442,1.1457793650309311,-2.795315370159206,3.2532426450025054,6.307463500472436,1.4302247520473843,-0.05049362239457851,-0.7557685938515016,-0.7153224007211426,0.5851345280636244,1.1506137797026996,1.7418664821414862,0.8041163889692907,0.008579613726445095,0.2903631854648659,-0.016211026251456737,-0.010162951389515115,-0.009452586838919403,0.9704361712970041,18591620.71781147,9159.76663114473,298804.88797705114,0.03394669701113736,13607562.157575171,5.684097327906265,5.403200645940674,3.617565450179012e+16,2.7642997557442346e+17,0.3603799318761437,0.03888475834048956,0.00897924659146377,1.0170058052449311,1423.1048295134842,1490.153232534247,0.6011636086397208,1.0542026239744495,4.867307091730633,145.10031416513073,0.9834092983352848,3.1941878172291216,1.8663127487595959,2.7442387016223364,0.016229919441134225,0.012859638376482116,13.466890708392722,0.010482840819417538,1.0942037517546606,9058.387315857273,88.00034786565037,1
-0.010441348954268072,0.019426188928626305,1.1463284498690929,0.8911858110116929,-2.470245971126261,3.5258838743177776,4.997486646098893,1.7049124241502989,-0.062123281514731135,-0.6006293902064018,-0.8866659438897571,0.8319683610499693,1.1306039941819286,1.5818920851900846,0.7174416836009436,-0.007530709781264867,0.21712079483336547,0.0192035437717412,0.004763082154321558,-0.0015253220218349015,0.9312887328219396,17314237.873365592,10358.774755752764,351363.2629475874,0.07256727582315076,19037476.945223473,7.458700618387134,4.7042342287767305,5.21499982135621e+16,2.6077274810104822e+17,0.394968312064088,0.02844847358491078,-0.014898958551247041,1.1490694004879298,1316.4032575277274,1507.7356191240465,0.5274062908404828,1.037885896056949,5.177934975801069,156.0485487294819,1.0262675968117365,2.704239146962891,2.5747851182512713,2.7523291626295396,0.014398898298970548,-0.00768061973767885,14.05138452499235,-0.0008637689258586784,0.9737539083337026,9722.850631613679,97.53958826886635,1
0.004128628303259781,0.007305320467220142,1.0392392730684044,0.8400744612919462,-2.7920508246172115,2.638709610252751,4.586765083640791,1.739475851019799,-0.06167499533321375,-0.6716474335972785,-0.6763183937664067,0.7418025080963756,1.479892501619406,1.744311129842214,0.6970648405466007,-0.0013795436654352726,0.2833895795469114,0.01437530021874102,0.014914060909428125,0.013677745557162571,1.0415031964011279,14904324.278469972,8676.435370549947,358946.68403452233,0.04809411455228246,18618481.62156445,7.055594825130055,5.19951514459306,4.368659735396466e+16,2.4966739027872314e+17,0.30325674735703656,0.016936651435062035,0.010352387970589846,0.9072901032459919,1319.551305683107,1592.9492790709828,0.5471137323824116,0.8000061200904376,4.125568505724127,127.04964823815976,1.0738721027936942,2.7390184947707854,2.178663887419042,3.1778010238508063,0.03264529168172856,-0.0005864452587111364,14.911532267823604,-0.0005353828487475806,0.9918855853395041,9184.463005739693,83.90025360174216,1
-0.00138342074579009,0.014047359361232387,0.7230136401738612,1.1298363833754066,-3.0483268784209514,2.7322347822342277,6.210528961631654,1.372292584171174,-0.02462934349664271,-0.7895970573191406,-0.7575421538549583,0.8804695169872876,1.3173015319936638,1.393218369999066,0.8556349410833269,0.010400182590379468,0.301613218895162,0.00495249139704242,-0.007699726947959671,-0.00862835036852577,1.1773447006430735,18253578.147735123,9145.358385439522,304015.7742030878,0.02226788334395094,17300496.766321745,7.253660636056934,5.908967477961259,5.35525300627657e+16,2.784590608713608e+17,0.27398487746708844,0.026448000508285916,-0.0028065222751828124,1.002197863354249,1324.6616155208894,1236.541751901629,0.6328206761947691,0.772576725335775,4.431775980130551,119.99441834815133,1.1263060937904512,3.001426023022775,2.4259167909015193,2.7084228890446216,-0.0037857269593966937,0.013377398411259655,16.848830199783862,-0.0032075309283720915,0.9287319690973035,8980.583692129361,88.55528968759494,1
0.003911538657738089,0.01240695989589977,1.0018756803037463,0.8798669850796378,-2.4505920335994675,2.9536457674312966,5.844222036971905,1.7713064650798835,-0.07131828311421033,-0.7656726758786401,-0.8162081956628205,0.7935559999035283,1.1171745853736261,1.3789537391084692,0.7321169580362634,-0.000463807751205074,0.268959020570071,-0.02333848522460503,-0.0039995057305902935,0.011856212705111498,0.9382346915418387,18791519.72936203,10220.030731926818,316248.4934664298,0.0382760415194984,16202722.903189331,6.236599731497323,4.610489435567707,3.858862621830206e+16,2.4502234350500186e+17,0.2570669748758861,0.03695544899047222,-0.019709541499013244,0.928440023330338,1330.8727833229675,1565.1006565827329,0.5147582739466298,0.7576269534827305,3.9058053165993987,138.55605937328704,1.0163662587771045,3.370580550863979,2.0926785916111967,2.9804754699294733,0.008615245998825884,-0.007812112706011813,12.866647289776044,0.005700786933310829,0.9781486579445526,8040.288705051482,93.22778848184514,1
-0.005491232229674047,0.03401879300051779,0.9016702640547187,1.0890138967206622,-3.633387926215297,3.140344259108947,6.651140606627809,1.513576886524731,-0.04485274519548188,-0.7892467110767009,-0.7009234530574495,0.8204113082363443,1.2801397982739802,1.4161110064658622,0.7784964962780608,0.016591518910209588,0.3075956068053014,0.000753769222265683,0.017761924447246863,-0.005471620888122812,0.9636985029262503,17962135.712836057,8729.548192817092,243219.51937311387,0.06208930825110725,16899637.881713722,7.048029454191164,5.865063864723435,4.763745067120008e+16,2.595311132292259e+17,0.3529587495389749,0.040695706236855894,-0.009395154629720029,0.8230782435051969,1730.9165342361161,1393.2581047792694,0.6016361821880662,0.988195462661398,4.273210169539066,121.76187369620501,1.1616322436640758,3.262754021821794,2.2285787683886045,2.679276961075852,0.012869950552395428,-0.017204214534285077,15.730068330888747,0.0036888436022156357,1.0637059096757788,10462.679085210786,97.92559085264172,1
0.0043943931628853275,0.025952768182656544,1.090514797144302,1.0308881826734924,-3.32121694209682,2.7264752673586683,6.376820729653853,1.759832655873481,-0.07785025422299377,-0.6453805433064217,-0.8376259996592748,0.8486365865285538,1.342701840221606,1.6139783945748984,0.5038781276956,0.005707343708971527,0.21316161162022357,-0.008190312462524614,-0.009016989275445536,0.005871533367402496,1.0308445988023351,17438296.766854454,11123.598648264018,335925.7799647524,0.07517187022667278,15509255.7652113,7.540837663367056,5.042856758171966,4.7441042970096456e+16,2.9721847047855424e+17,0.41321344497399215,0.045888228353364216,0.012223262233973185,0.9496351194384285,1532.57119798158,1736.0212640466038,0.6476064234711228,1.0713979391938149,4.164260750552969,135.1483069743744,0.9273779677729614,3.7559962614592166,2.195361951212194,2.8150993273185887,0.012146788004791268,-0.007918006635862554,15.646660216394627,0.007321913587372436,1.2626873849737952,12227.200343879607,87.9018855189311,1
-0.007104888263628647,0.03995385606566602,1.0003323689140229,1.0161173082869102,-3.5575013988387765,2.9937532958675206,7.286358498159238,1.477449013613969,-0.04553638000103395,-0.7509495442237993,-0.8200939514422021,0.9246304404501978,1.050686352004159,1.6905422095673706,0.6738961439503816,0.016273525574606772,0.3651035789272674,-0.009282323715380767,-0.008979375411107302,-0.01761876718100204,1.120828858710989,17851759.827721357,9205.474360368533,323424.7945692669,0.011092989078961064,14928507.922047153,7.247549804210228,5.153319701467993,4.788082138849748e+16,2.7923082977926685e+17,0.38678820718559054,0.02432387395517801,-0.005736625527051973,0.8559599864043655,1384.2846227395144,1408.9060873583644,0.7211272158369767,0.9391384888947271,5.4375441325003555,150.73847430857694,1.0164018189691508,3.8493005318698224,2.336673362370137,2.9920801143603812,-0.009982004151202793,-0.005318041966654057,16.070967043372335,-0.009745955558218448,1.2029242257892885,9152.291405135793,74.78631581356125,1
0.0008480748979449275,0.022725990344886374,0.9841836593705633,0.8306637231568058,-2.910633709840088,3.199671732176011,6.10517140071408,1.720977084842517,-0.02916289375757191,-0.698829753945974,-0.7349863612306978,0.6134519359802284,1.5319895925636982,1.5280516398359731,0.6400443484659049,-0.007349843329879965,0.3595291131384752,-0.009871173147759114,0.005873452223496642,-0.02308982664579911,0.9558650923908099,17786822.520870205,11181.87354950951,339836.23033675866,0.036150731541352406,16103983.261121424,6.353496278819746,5.790984340938045,4.324685645796404e+16,2.7095778245106816e+17,0.37925769368987244,0.021968585762493796,-0.018937081205308993,0.9583175928579597,1497.6063771092788,1341.4366325271342,0.6490229958403168,1.1478598870688634,4.775185463096518,153.1420454872434,0.7033408960755214,3.333986315535242,2.052241042922616,3.1050837292221853,0.03763593298010727,0.016448646065683217,14.447664461431543,-0.0036627639533125273,1.036903981835397,10996.92737331022,83.48394409131907,1
-0.0035293435897385227,0.02902012220207832,0.8746037679707656,1.0774684068989964,-2.8659332871155727,2.984616165917103,4.981667594816549,1.754036274186515,-0.058769967246648076,-0.8796037217883953,-0.8125127245618794,0.6622685668471787,1.3418853565584525,1.3540875932917613,0.6733417466213134,0.005190908411284829,0.32426668432584166,0.009771858044263265,-0.025063928367282367,-0.008142526165985549,0.9903789999192234,16971356.470560078,10471.469275906029,294113.2390204907,0.07327392068374826,18070959.87845272,6.3586627428803855,5.069518117988772,4.2832038156648696e+16,2.5441246824936573e+17,0.3217997657710219,0.02959669641840288,0.021446969097337173,0.8675120910957183,1502.071283396367,1532.8163029998857,0.6172156269548029,0.8277340743012206,5.163328799409382,132.85099795364553,0.9937858776629985,3.1509627446528135,1.8377772180365393,2.987351813097728,0.0024201811758614317,0.0019661939922959956,13.25690607156446,0.0032583726072100442,1.0589756313239407,10927.36685356317,85.53855763535304,1
0.003677773329438496,0.026872669360569704,1.2410920273002537,0.9796278129170731,-2.7625713360087065,2.6523086105662887,4.806913423717217,1.6217284858683956,-0.024745336001643886,-0.7431390418302163,-0.9132956568435704,0.7191769562905086,1.256694248096049,1.6994043655333437,0.7956491712166053,0.008361990362500623,0.24826232414344462,-0.0020631675354177096,-0.002155744992418665,-0.009618870212645774,1.021994707794012,14592988.694777936,9547.622543756643,326043.64400794415,0.055077625139062156,16031421.320985012,7.49776728946699,5.613307585744399,4.90919307947423e+16,2.4924135806123562e+17,0.3683781984336437,0.017669989208368493,-0.0023446169945108737,1.0901416465252352,1692.8512946865258,1581.6175494885574,0.6037700936772988,0.8703666169787954,4.3148509630990395,130.63568694047547,0.9933015131920887,3.323139585851087,2.416297859654662,3.285293485788734,0.018470536612595442,0.005445436996396842,14.322667598137462,0.0004779082697034009,1.0223606085323669,11506.619372976947,68.12913034638072,1
0.002469442368819872,0.02422212542272605,0.8832967806537957,1.0221091367033701,-3.058097213958976,2.9184820292976013,5.986492479048916,1.4403589870523905,-0.09012456832428134,-0.9172973428198539,-0.6542095474739532,0.7940020973425436,1.3828175218454493,1.7648656437895145,0.6977685155243077,-0.02934445672195449,0.21804525244486417,0.011102570260862954,-0.001686246324460356,-0.005255821778356507,0.8799368816272178,18324362.623174828,10391.920646511948,283766.00632748037,0.036741539895563814,16710593.3733173,6.4483633575241965,4.673453076266234,3.383943959109443e+16,2.4882097443856144e+17,0.37884164148095323,0.03170721702913318,0.005064175356434593,1.0271189018090547,1536.281359830484,1482.8112078851377,0.6023711686148501,0.9401674191857795,4.241760751429476,167.11440599795634,0.9982523461250488,3.0665272982502403,2.177323485930305,3.4890455319021445,0.01602490633597242,-0.002819377118837552,15.117540267423047,-0.0029676294937149373,0.8253017644640611,9086.229133231413,76.84029508512876,1
-0.009519051363020361,0.028137173286159257,0.9129709189074076,1.0213914324778541,-2.7290422492803508,2.7999404543501893,5.84235586718944,1.6305229104198458,-0.06963992690627333,-0.8370483458211322,-0.8338588828836535,0.8583351876243102,1.3755052303766384,1.4785942042876619,0.8537726925708049,0.0060074537825696335,0.2344219639071935,-0.00690362090903843,-0.001188087434760279,0.005803050244794432,1.0172961070591025,18079402.999624822,9999.174554500283,341337.8086405404,0.029472929588488458,19349059.61190007,7.121242556761861,4.3493443964056615,3.770710075302374e+16,2.1503665480963526e+17,0.38442524071861905,0.015251199505075731,-0.013067178419121422,1.144844609755664,1529.1608271154,1584.268883089386,0.6569590142211674,1.0573608071172023,3.9346517579325218,152.20802410290267,1.0091305952322365,3.562273857071147,2.176170747352834,3.318614697018403,0.019879830987413822,0.02072576933838987,12.42122470129034,-0.008197154283850405,1.1079245164376876,8898.285866278457,81.64167964633076,1
0.00998394302917815,0.03306858739605444,1.0593367688464792,1.196269909366488,-3.2475807269734616,2.855886025116904,5.4430983269842415,1.482440753415948,-0.05423095665565863,-0.8556267566394175,-0.7730947101828002,0.8869141326056356,1.206222393115639,1.740332355622868,0.5911971565591002,-0.00519547215971375,0.30367581053014736,-0.0025162490013567124,-0.008254693344386164,-0.004335176586402176,1.146130204821593,17318461.5082271,10612.359420473133,300463.39517820696,0.027009311704161924,15543300.527943997,6.105630295268199,5.044004607932281,3.832165290421691e+16,2.43416724382197e+17,0.4622323880944944,0.021756368376860468,-0.0047327749057336456,0.8513320624205325,1359.1232315088173,1566.6891031568712,0.6354756733866532,1.0260481300179938,4.659619966397731,145.6940326342333,1.1719412491222194,2.913783055903965,1.8965479850520632,2.9826876253493197,0.0248256584752976,-0.017161747147081362,15.602833000832922,0.015787992451603994,0.8727149801372921,9938.537726260658,98.77717073304484,1
-0.008168813386531911,0.01942480827597138,0.9751975363058144,0.875262903027813,-2.74338247677434,2.7891695313882336,5.3227580859063375,1.5325773259621813,-0.04349738713217214,-0.7120172049143576,-0.9130740044643191,0.6062267230817104,1.2272690646769364,1.5935816583297653,0.6312968849454111,0.016690393742932956,0.24474450800349845,-0.021905916139511854,0.0027908526166964217,0.004142412952492618,1.1371493940546697,18818563.820954632,8987.104876980567,387333.13036254275,0.05002833021829568,19054880.468502212,6.257470642627641,5.363334676249567,3.834274602871762e+16,2.5816908611269197e+17,0.4245499336444806,0.008137728515141277,0.005621599258964005,0.9317719575335978,1570.4146543081788,1217.8212919762698,0.6454227636650987,0.9572063705652829,4.98616694104547,144.21996622812023,1.158962266044181,2.941350553295309,2.307804924854501,2.699384156307882,0.0031992820587986963,0.008472249553927494,15.974177028510686,-0.002202328037381413,0.9346812004599537,10430.604067372919,76.91667129583955,1
0.005982189656816396,0.0205060004434766,1.1583313591377615,1.2346856120044822,-3.1933543728998397,2.4315603959199863,5.376282602751324,1.5478139142323946,-0.06499885718539132,-0.8283808988906198,-0.9245688564368134,0.7992434126087848,1.2239381160012257,1.6659116807101924,0.8285242339619641,0.007739005237715505,0.31751657081074536,-0.008157802307947841,0.006328691952807155,-0.004451257479963701,0.9168240513181761,18176429.58314833,8871.734394381909,325112.39884885045,0.04820665374477713,14140632.792050362,6.673933376414933,5.5798886611225855,3.987838220212426e+16,2.8233118105857376e+17,0.3157341204738351,0.02530994030305018,0.012317948436722632,1.0740424257033918,1244.9074827182494,1444.756024190597,0.7312022501961181,0.9949692127555867,4.724794992409246,151.02897006487026,0.9304870741592013,2.770231152658627,2.1468103481861687,2.7126496551123456,0.014197119856854637,0.01204500794227739,15.96497574232441,0.018044897086558216,0.8504226877354738,10867.319848279869,93.37141804898411,1
0.0052654068665228424,0.049189090792783885,1.2571353027243815,1.2036411004646466,-2.815233387692414,3.2601305943010654,5.8242916354276275,1.5222613034110402,-0.047407761028581255,-0.700712970748966,-0.7552847481053212,0.7746729550633741,1.2142276421077725,1.4735314269519464,0.6463965590438389,-0.021099969406337783,0.3073326539614209,-0.0013221747870777252,0.0010997232129226655,-0.02365201949248817,1.1100305515257942,18323545.515782464,9005.21057830781,340265.7653654415,0.050237451587070214,15994292.99376677,7.115749359938671,4.775417491955153,3.940198174083885e+16,2.751467584191858e+17,0.26245320045490816,0.05573616520444642,0.011507860307268691,1.3334088305817968,1406.1999852164129,1667.4319144525348,0.6677140278378397,0.9268780702580037,5.01447378956971,147.71490080019484,1.2051022866942553,2.325810124949542,2.070589100228159,3.3287121023377026,0.014026887245827199,0.00943372446224053,17.25344667444383,-0.00249024740641633,0.9859500963936694,11544.371513692813,93.04814482423002,1
0.006142987669559325,0.03116489504398907,0.8819134654828718,0.9779704745149728,-2.6193852236638175,2.722207598796312,5.8951502569291865,1.5613556772943482,-0.0684389964057102,-0.5931776549896436,-0.6703569831304944,0.958230390278344,1.2897422961123213,1.8514995926706928,0.6344783805168146,0.015622728392667061,0.19631429754680602,-0.014920194406093802,-0.008808476118138934,0.0076245630597134365,0.7654534637692356,16825359.214126673,10231.131167724147,295005.9121803636,0.07179834050391096,16343518.160557393,7.390242979314212,4.805651956481914,3.956800714195719e+16,2.5968822861938378e+17,0.39485692442619524,0.028049869055406393,0.0027462674149541285,1.0675965733711357,1265.3278210584615,1308.4168824339872,0.7037429475259832,0.9649373537358344,5.048908213121996,135.66356981997558,1.0763098552927592,2.985900912138777,2.038928508514949,2.833320080384568,0.0168980910553335,0.01119027532666545,16.96737397348852,0.008539864285387647,0.9528540511260115,10543.803207867715,80.82942220753947,1
0.015070173687948973,0.020163464713003204,1.0042038368948578,1.0064090665367913,-3.0450538030672014,2.9628844095112026,7.207391125672129,1.4653716020375829,-0.08417417042334095,-0.6932726521255594,-0.6772690250487703,0.7575390036642458,1.301680030986057,1.5922440716863633,0.7431003758164175,-0.024414953495825446,0.3244509583149323,-0.004454159716823522,-0.004206192015449239,0.008229655890386926,0.9853048297396177,17321418.828571387,11593.226279473149,305647.9825431263,0.06174093043407297,14312571.74675261,5.115685742408651,4.37322558571215,5.23100132982032e+16,2.536836734885166e+17,0.3802623602278584,0.014690439421316611,-0.015215196714523618,1.032346451411404,1476.1179361511554,1779.0511551791833,0.6245118753399554,0.9777254136775031,5.41185471234083,145.8813681805685,0.9430098332711755,3.645198490772257,2.5117495155110303,3.4077732006996375,0.0005621456092741745,0.008365587757297288,15.851078359265497,-0.005782489435152768,1.0197695654675203,8606.898724308377,86.50180752949237,1
0.02111422176985116,0.002082932069862476,0.7944346723485313,0.8515513703190967,-2.961976824078943,2.8775033213071746,6.340738051961811,1.5248110473728596,-0.03458004652099933,-0.7953003021591853,-0.7229645603124497,0.7524603642127417,1.2800886182341782,1.337908405381821,0.8119019820254982,-0.004136818268221821,0.38514543119040034,0.0020558953048693423,-0.007891905429097653,0.015867442223990943,0.9917411889842408,18183651.407868657,9578.874072187395,296962.29769937455,0.058839320313844166,16143663.111421578,7.028306249469464,4.809711465678645,4.0884796131207e+16,2.8506317338805792e+17,0.337510073982228,0.012551834095586467,-0.0024047681505081106,0.8491664949628566,1231.9077708374768,1585.5780172728314,0.6239743362643305,0.9638373643402407,4.537635601082618,118.62256625675224,1.0350456855422232,2.578156515859149,2.102845490894064,3.0533664217754137,0.010466268625937612,-0.019239632715327845,16.098647866170253,-0.007754458913075932,1.116723722782672,8966.07443289088,84.5964915906286,1
-0.0018294662303407884,0.06933002519587934,0.8981381293192028,0.7156231238646249,-3.2181336949789143,3.604156438640414,6.208916883845863,1.54463387331656,-0.055739606546644685,-0.6741026805904595,-0.7191860853062026,0.8406085992171219,1.3108420862897083,1.6092811463950654,0.7208917649442167,0.014260634769655145,0.2898406667369582,-0.005277444199451866,-0.018717917540011942,0.004322978764128582,0.9138569276195753,16062204.425837133,10237.711841227343,369957.61832872947,0.059855750849826,19133969.213177208,8.271431380217091,4.602625315698534,4.1634072458414744e+16,3.0499686856731206e+17,0.4378565222967051,0.028825464695859185,-0.01977925991072513,0.8953579250384511,1390.7579450836236,1589.6525571188258,0.640213914483521,0.7842526713993963,4.651901249897172,152.94327978762868,1.0997725291451579,2.87319427205303,2.4684987834565364,2.6821004908415427,0.009402676654051551,0.0144138070272651,15.130462782854474,0.0019153853859628122,1.1194306966306602,10662.254965675733,83.07334690394129,1
0.0035817156622743873,0.03667687957851076,1.0706206014195359,0.8165288664511319,-3.237892886303711,2.9907746802732786,7.3966900893152205,1.3995652167700636,-0.07176671456489596,-0.7841321740935226,-0.9129668431196679,0.9379888624730427,1.1152020778259437,1.6501963414429421,0.6319848004851575,0.0002472889360607402,0.3739295962694916,0.0021208490864187833,-0.00823121985694044,-0.010196017750675994,1.1124333256697627,17131073.197303273,9889.742148416568,324560.88622337114,0.027785408779117168,18115888.567697078,6.898968383321095,5.259005688055404,4.206501049364321e+16,2.9743407020617363e+17,0.3885072806721075,0.01461950758665754,0.0011932217947340344,0.8630132854918233,1690.1296311534934,1331.7959814404917,0.46760499413028234,1.0269561490795087,4.940669263127449,145.87263191250338,1.2922827763606906,2.9928598743044517,2.034712331274689,3.1817504066197806,0.02491294680549736,-0.003943238192052543,15.218555728932069,-0.007489962964014761,1.1480380207935952,9297.470322177003,82.35139098309705,0
0.010738645175719031,0.045455867975966145,1.1882017503383762,0.8370664935870332,-3.3102581185149775,2.944261259898285,4.870566530516457,1.6454152679056446,-0.06610674453812161,-0.7799172866730749,-0.708684703189629,0.7158585575054969,1.119109696313376,1.5687346149814405,0.702693978374136,0.002355064098762525,0.23968105137541296,0.0008496208713530759,-0.013730744954746429,0.014790042697960333,0.9519510440213108,19621247.636817407,9918.238618068219,328245.1804178107,0.0501770869731963,19603075.767719265,6.445891760471287,4.785414498036212,4.92517635489172e+16,2.483314528333361e+17,0.41162788749748624,0.042594507984812235,0.00457907523291266,0.9508390933619737,1308.4274346001257,1576.1901784275994,0.5611016391724574,0.9706969653073596,4.400092398511222,160.01924109811264,1.321808992584538,3.3909153453997236,2.4395150553573908,2.6526184527507084,-0.002852367470908345,-0.01868486148937,13.01891714113809,0.0015620405534765944,1.0215084823862288,9977.976435835888,85.71061440964016,0
0.0011955923321037068,0.018771972036585566,1.1029620829590376,0.976759229786571,-3.084137390326233,2.8758946236056486,6.127223016193346,1.421381851130938,-0.03995231090946559,-0.708430198478218,-0.8531902594853857,0.7990571856422777,1.2151945113596088,1.5970007748258026,0.7227783294135288,0.0005707721719404169,0.2844157780851874,-0.00869120453860363,0.014131499825913541,0.020295461177971125,1.0000422969622713,19210179.644669905,10374.039691341986,347945.18683659745,0.046375352722549626,15551991.159160225,7.298336061766091,4.978419218917498,4.21009733491885e+16,2.8261559570202646e+17,0.42649232920942937,0.016314278667370563,0.00581685652639992,0.9410362259611481,1222.8983750001742,1504.4186104649978,0.6847997243425444,1.033708509986004,4.532656154730177,122.69846342134569,1.161437757284467,3.2204030704846556,2.20333335133469,2.7936819202503633,-0.0009773385653950133,-0.016387217402917497,14.411388898895511,-0.003483429461755147,0.9375670861621676,8479.145863858801,103.20504022764813,0
-0.017938450310796987,0.017321519540204437,0.8185543819359336,0.9843077045028642,-3.2224578598950484,2.8797333590934278,6.409953227799127,1.5751482040220797,-0.06969976592082845,-0.7428964382762878,-0.8855280338349911,0.8029868409512151,1.3321877411992382,1.6590658148216422,0.6982062353392671,-0.006917527992255363,0.3405203985215958,-0.00887360096661522,-0.01160935319226084,-0.013606798652274278,1.0868712133883418,18512797.893636916,11668.422867162055,279592.3152070992,0.03454252642083431,15315595.646932222,7.834828816175031,5.125503884973957,4.3159796031842824e+16,2.3455297168719565e+17,0.3884761972021792,0.01743177506145459,0.013372788135885874,0.8388946747487729,1411.4818230660733,1200.9245201624992,0.634949055835392,0.9529979537613302,4.65885631377238,148.45134642301403,1.113231266176629,2.4024665604183024,2.1328561725554573,3.1165668084971268,0.015836351100220178,-0.006482374773565822,16.857244012797437,0.00847854229429742,1.1929064198205528,11139.280817147706,112.92234063299784,0
0.0015014066752723004,0.012846123865410133,1.0633182293423902,1.0936735896290108,-3.1979226775974716,2.919204068523455,5.403880721712966,1.557618949048423,-0.08844745159538546,-0.8993523742973996,-0.8615941687361244,0.8366591361314921,1.083914533616577,1.263872620896259,0.7254063777804531,-0.009060525995124516,0.316519727990557,-0.002682339558397424,0.009575268213709022,0.003764192647434375,0.8001143028111743,14861961.487031097,12762.598297466995,334429.0100210286,0.020103150199454238,15706930.679959899,6.341826973980011,4.472246239726097,4.395403000874515e+16,2.563100134923235e+17,0.3584334891125168,0.010835371135016569,-0.0003018596627750492,1.13365327951192,1452.2388232086746,1619.7219770469771,0.5961534273253053,1.057026921837863,4.886419339415296,137.59176223496084,1.0328709396207425,3.0021217807736806,2.818132441507723,2.9570556091563924,0.01830711590815145,0.0063865364987135105,16.53702064296275,0.0008346174064533448,1.1416273230860219,9322.575542606066,100.33679580813208,0
0.0010310639945396122,0.03208457345920173,1.1731921298576076,0.9752683234161407,-3.019645421550154,3.210351935371977,5.409886650548315,1.357103519415427,-0.07987125694021434,-0.6142674514658621,-0.6552854038508806,0.7180008208786308,1.1247905857275664,1.1615332283561122,0.6317520159899982,-0.007440203479965843,0.24436778461787637,-0.01127617602135273,0.0036520954486101392,0.006129198576212069,1.0211462443592023,18337741.365769923,10577.704750338498,301978.95377154095,0.04746377837712949,19546273.454412732,8.167008443373343,5.800241640262837,4.1696354709248696e+16,2.8393254546352352e+17,0.36260999264347277,0.020776196804215413,-0.008582298365406523,1.095435384954049,1349.3891625705112,1457.4104909658824,0.5996673783839533,0.994516279995289,4.708729010870123,144.0270307041766,1.0516136050004499,2.8760321823475095,2.1383346294754855,3.212896941079041,0.0033623931755885905,-0.003202438553562943,11.191991894629657,-0.021044960316051894,0.9718480653308644,9749.432489118673,89.67977701069391,0
0.011135325044897759,0.05098406633722184,1.008676341729803,0.9269274516768023,-2.508274414650553,2.511794437408459,6.434601044359328,1.5287171163111992,-0.06465453733712037,-0.751676926731477,-0.8397753870152757,0.7999530501463444,1.3158032884325255,1.7184721224259727,0.7465152308316589,-0.02070301009800775,0.3049712030596441,0.0014239074545518882,0.010206628112697425,0.011662862122991242,0.9506172549436387,17790749.25721149,9347.524471024495,306899.8197708526,0.01856695515811498,13215361.500847049,7.17024613359239,4.242613207832996,4.541724081511877e+16,2.838016272286408e+17,0.331770693872658,0.020698330617146966,0.0011229838916845159,1.1240549249465193,1736.5973162753257,1608.6475239391302,0.6094397446096722,0.8983338755609782,4.177816184639134,139.49291226154472,1.1238006239793552,2.4257511611563842,2.2292412422927455,2.7644448330632985,0.01813332412408816,-0.018412116173812432,15.805889286063628,-0.006305871913276133,1.0398543512332377,9545.861309309916,105.38980259670124,0
-0.005636127225972927,0.035941406748497044,1.0950643762137497,1.0923719343191671,-2.7822319383034624,2.239075266836494,6.041601982210163,1.5873837764302856,-0.06614841156482053,-0.7528424306688086,-0.7212739877327335,0.6664346498881037,1.3012046760799985,1.3507003936735815,0.7386448691636907,0.017718200776508406,0.3269209490258904,-0.005762524319550338,0.00020529280147966658,-0.009807729980668157,1.0973775868852649,16237787.292938327,10060.16165434159,300987.96589286556,0.05063189930222123,20609090.89284268,6.890865297469534,5.735147994610723,4.960514237998063e+16,2.7684951639391562e+17,0.41603476228106334,0.02275191537013617,0.013865460258196323,0.7778152810914194,1261.6515356178697,1742.866315175042,0.6100453629542743,0.9807841029722645,4.726696151814463,145.24241845809968,1.381144739603077,2.6349273455903783,2.3909626803819872,2.518121506431223,0.025534006596689106,-0.005959883053941583,16.83664130606894,-0.015475149999017989,0.9702432784675801,10226.784965982199,86.137615650871,0
0.007484510775081226,0.04019231866964706,1.0435166553795525,0.9522632809900767,-2.714125529864324,2.9903761961805877,4.7496738306898,1.6895126902173532,-0.05377995116194978,-0.8873992505571837,-0.736529116234329,0.7519498730768042,1.2711469511045375,1.571549061788145,0.7395780408080039,-0.0014827322420722688,0.3211416833403311,0.007747384938176212,-0.009059845495248988,-0.002797644691737181,0.8056925016602688,16687610.07979248,9933.074244892334,253889.21136280595,0.04016704309560286,20946749.20715818,6.7296281390238075,5.103313551649229,3.876377814015742e+16,2.183355805494046e+17,0.353668290460766,0.012934915156427447,-0.007084169440179325,1.0593892196487151,1332.5470840407277,1385.6249987526548,0.5930371180937162,0.9407204946162218,4.385820564472809,168.51738988364912,1.2101351739197619,2.952393871127054,2.283937521253446,3.2128376851006935,0.026572671586769438,-0.01038603768624544,14.090596012862884,0.018631836800261155,1.1141650597240744,11416.795356403472,98.3357694160627,0
-0.014139677551258039,0.021800327560367847,0.9226719520696958,1.2201231095778902,-2.905566094478108,2.792268656530554,5.740853605027537,1.5457616691008307,-0.0753483830806998,-0.7433877667501623,-0.6428306082802724,0.6699304660393841,1.495373409223273,1.5718426435546964,0.7960217376781186,-0.00511857606672136,0.32196610530325886,-0.0031904553274799997,0.00017498348681955117,0.007141947445839181,1.0254081893694982,15273336.68040163,10004.358957250854,291996.45854534686,0.045664984321206595,19630665.34812218,8.541204025143571,5.4706605271670075,5.139252345972831e+16,2.6646667940748608e+17,0.3954545689138011,0.022934956655068842,0.00789934329468977,0.9854697451104134,1400.494318714392,1608.6256581161988,0.5918241227432626,1.0484469872953797,5.039437212224916,133.46369596886024,1.2527891537359201,2.858912223421704,1.904423406541158,2.764315517756618,0.03430083204105269,0.004044217825858687,14.22597859218391,-0.018823547973748002,0.8782534141121637,10924.621127417,85.14568816173043,0
0.003810727376723047,0.03727879143363254,1.0202932398755178,1.1321078434796448,-3.0740889007247563,2.998320275877528,5.138572474424708,1.5723581098937625,-0.04973204458421617,-0.6810511423497216,-0.782052149091358,0.7940561099885088,1.2492165157937076,1.6660915537990255,0.7572965108478568,-0.012319320630722125,0.3556188479999462,-0.00885683385071469,-0.0018735538977083398,-0.004114185044300765,0.9259022769159243,16453819.684395479,9142.44911684199,308160.5281625028,0.052822393272530466,15560195.850028744,6.777647806449649,5.202718409236962,5.338308523365774e+16,2.6141256326323798e+17,0.2673372745730819,0.03971440623479687,0.016315252993427974,1.137236687328669,1452.2299507763053,1647.6042670919578,0.600103778147555,0.9006306857277249,4.0089155045952065,129.223048490017,1.1275963528851123,3.029329138399129,2.252256968814971,2.9364977066112012,0.012267911155222907,0.0073420612525918125,13.436382106321702,-0.012114176767363637,0.8742744195685421,10680.841142496447,90.99593488879994,0
-0.013998391182775531,0.036438882473565304,0.8801002246020753,1.011710255045466,-3.1798876423847293,2.45168013141441,7.006109154094632,1.5772562307867528,-0.07375596162718306,-0.6582043954480878,-0.7441808814958231,0.7291488766343275,1.3062876114584734,1.4558417104307568,0.7133443986958844,-0.0018610469583675716,0.319617578211596,0.007179588668403839,0.0019458764520886164,-0.019811829938257412,0.9826114027341867,18393655.11821703,11177.9096897761,352727.7828185861,0.0452052362831562,15966780.355347652,5.93623141732227,6.114232673635249,4.1207853260836296e+16,2.423460924805239e+17,0.35123016524517214,0.012849197602823817,0.01904202163982607,0.9824494561203324,1436.3351711012963,1532.6470288423104,0.5821135189193215,0.9164426363667966,4.221186253117285,171.35532794171263,0.9452763695985299,2.835303047932446,2.4596515029446606,2.790746288023499,-0.001985056438606435,0.00719885237528511,12.881656684358994,0.0041837928886172045,1.0760833589175325,10465.273854433415,97.4122703439475,0
-0.005339676478349464,0.02214628837920899,0.8795363151620158,1.2248113819479318,-2.5821272969353912,2.857925139381132,5.537986909286735,1.6053221701988005,-0.038894856177978054,-0.7720409870570086,-0.8094006102279113,0.8641244460261687,1.0391447492022576,1.6467556258391833,0.7773531180434667,0.006143095550891629,0.27453003297948675,0.019165771172188616,-0.004902034437207625,0.005440213993377267,1.1666865617497764,13095725.519761339,10112.98335338772,280163.0495454632,0.03971345406675916,16133129.557626436,7.438393826108835,5.705336159405954,4.263080684138033e+16,2.6807466504101133e+17,0.43420080589232607,0.013589747942433865,0.00540675700168137,0.891980576202517,1237.9822319340728,1532.6424652419207,0.586889569313028,0.8384217992942783,4.714217297442318,128.04293032022204,0.9549727717968048,2.388029323882685,2.166984903833443,3.4547596802946385,-0.017140862603961173,0.011201922350172795,16.33934128279876,0.0002834008601301935,0.9061319925026707,10773.866598268853,83.3116569965144,0
-0.009977483189355096,0.011653556168379813,0.9926266503647948,0.9876653636267744,-2.7530148973189332,2.834263052976463,6.171085780535417,1.1711996221407261,-0.07381261772595309,-0.8926923072564079,-0.7514377389278207,0.6703918433748671,1.1373695237767985,1.458482091168812,0.7994306954278119,-0.0034915040240903893,0.24956972541706696,-0.01263550641153463,0.006948823016662975,0.001985427364508431,1.0792066084662428,15194147.634470494,10724.596853167097,268804.74869180983,0.05433350962045515,14931093.588200223,6.817823673848781,6.229201488776372,4.715584116125025e+16,2.6541421741197078e+17,0.31805017841936173,0.01875955297258013,0.003877582889885578,0.9151976868038942,1544.692254943373,1610.3594489715867,0.6749247951961067,0.8627802138695165,5.144887678468229,133.05304869505784,1.1053638160133679,2.723142644452246,2.2271629417656578,2.7580782152212224,0.00528838940846587,0.00961603345821295,17.75981147843531,-0.000137219741634614,0.8853595374843074,9109.927241945805,80.75944312897677,0
-0.013720817636601053,0.06398584570986926,0.9811078633991925,0.8715397943023041,-2.795047827658594,3.1109281456664397,7.093598965591741,1.8227086746669734,-0.06551883560448442,-0.8155861413477181,-0.7562145175262406,0.7371472549729169,1.2651344701964256,1.4700378713854494,0.7454843597247618,0.0063032814917491605,0.3364472618711557,0.0039348042169342025,0.016795968018992302,0.0027878983721489835,1.0045434572769125,16771063.98748326,11517.252328500927,274296.8780009147,0.050165573053136965,14540533.980838876,7.118225330936587,5.047824960965957,4.160936988671911e+16,2.5381302939657286e+17,0.38592257137221997,0.0366886521931028,-0.0007206189943565488,1.0823321915768203,1333.4037992441592,1622.9377844658188,0.6868643929519225,0.7329082267261292,5.580410983758877,145.23080238927815,1.2005756675161714,3.0750384664102914,2.4927239836834825,3.0732343795557497,0.02242712537268582,-0.001931514552726828,14.41927622588659,0.017456489341110354,1.0527703364356276,11480.129400944003,89.67174471873504,0
0.01071521501373942,0.035941230477939,1.0982877545158822,1.021322855426534,-2.856127871411752,3.206415870331844,6.245397105061177,1.6389127613214032,-0.04273313712509469,-0.8196882221640907,-0.7975924996003441,0.7961756631701952,1.2887853935101283,1.5974290548891195,0.7084514498791615,-0.011614417511028801,0.30115562700507964,-0.008660210335182965,0.016998416848464294,-0.014540467719199769,1.1435340945544479,16502184.338799886,10995.629659301469,303232.70072430733,0.034638244513092976,14202650.106736174,7.2070261135571245,4.657865947619067,3.827994535969211e+16,2.9100983801216614e+17,0.3658159534513845,0.033610124559952666,-0.0030558097925299827,0.9004152441500126,1565.5123311800326,1403.3255053174098,0.6839757270694294,1.0246204534772874,4.394539232773722,159.7577324902082,1.1862231118070259,3.2125700855089048,2.191280322652079,2.7158008987706,0.013827916568667546,0.003712240582713056,16.94002284442675,-0.005470226638072585,1.2341627729533913,9415.540917012846,86.97620255795808,0
0.009672845405802454,0.026762371166579355,1.1069261334096492,1.10155306684569,-2.687485217579086,2.6790676193426317,5.59430561238011,1.5457141328613573,-0.04815081543356317,-0.6067298911272913,-0.739275101903589,0.7597837582158348,1.6125135238719221,1.4628302699525435,0.7477861848344399,0.0043035420289642065,0.3049041927481031,0.007344726933674773,0.007779790253006101,0.011256195102505131,0.9840291469605319,18562117.74582612,9151.973359705482,322009.2513266511,0.03121298147506997,17911867.4712569,6.6300949500706885,4.628562528723382,3.904544800063226e+16,2.21270060170953e+17,0.348534290639173,0.014531665089093778,-0.02246083769430843,1.1387452221960814,1276.8607812052267,1371.2470774914536,0.6406770933721789,0.8989435992460647,4.15226487765289,138.16337932222325,1.060146674662549,2.751927834416259,2.352195818392447,3.2287933854509547,-0.008797338032664262,0.01876149434023314,14.095887023027828,0.004412439553559175,0.996647180901655,9584.695020025987,95.23422270110818,0
-0.005246103058003281,0.03506425017024152,1.0629207948649007,0.8474454180706532,-3.3864852812544943,2.5955705637981734,4.929688386379818,1.5022898086543122,-0.05831016903535457,-0.7469714347418263,-0.673230045079737,0.7831544728727546,1.2319921358362231,1.4169658082943075,0.6987427020043417,-0.00443539474600226,0.23722200947179034,0.011311320430473018,0.004998237870441135,-0.003547714576318231,1.0000551861631022,14602288.378330424,9768.685437522452,292030.19058602874,0.0520622820432735,17078058.827769633,6.7420079990566695,4.219716296962067,4.227839067003389e+16,2.9212061132615366e+17,0.3799780541180219,0.03504049008391918,0.00914012462014907,0.8985497638777717,1465.6638078665699,1285.1492888278108,0.57804955090792,0.9607380614063402,5.014028331559588,170.62178447548445,0.8490583885340888,3.238733671279843,2.438437915937703,2.553788272995265,0.04092199926905342,0.0011973674396409347,15.332132044959415,-0.009669332612306009,0.9974461783797485,9932.402136439192,97.92014594205878,0
-0.0031347180411706236,0.04447288219813836,0.9931671366299943,0.7848543516630645,-2.96825060954645,3.2240177336923477,5.93334938526316,1.3449098318471437,-0.07128806451288708,-0.7173635419436973,-0.7790885510050303,0.8621736279019356,1.2602869223425457,1.611018485310822,0.8642905299699822,-0.0039930883718110564,0.3280356975611311,-0.0039422950328743,0.004546904463916252,-0.008022339877500187,0.9350433598490446,15711363.943951413,9393.56516448062,309668.321596356,0.05334224345552524,16314502.296135958,7.3102207681507645,5.580077923212999,4.702290060191964e+16,2.523092304075269e+17,0.33857731635172117,-0.0021371420150361788,0.0013814010815729688,0.9821395834858025,1478.6317963280703,1523.050068471305,0.5625361514129286,1.0283420724978063,4.515560100663095,134.74934111377263,0.9139624211144988,2.7120450142554997,2.1209181743478145,2.315576534965793,0.012060968475915342,-0.0022860386412332043,16.473644090320153,0.005864583137525442,0.9770969310483242,11174.54521263024,87.12834955788556,0
0.0009310668105290166,0.03013874189368065,0.8814724175434286,0.9382981157830945,-2.6776942181970647,2.8426078091290283,7.054487323844985,1.3731649019678223,-0.04581824986907589,-0.7850640796483012,-0.7890918170022516,0.7034350972761032,1.4233911236792374,1.3602367779723095,0.7449830267269661,0.013488332890864973,0.3088684081888044,-0.0056793661073515885,0.007006706628038251,0.004929378543193445,1.1492606172359396,16000014.751860254,10667.581575292174,304811.2440208935,0.07178356360736649,15940407.259641435,7.218009110439349,5.833018843765759,4.500357738780074e+16,2.5000859075887312e+17,0.3734010919172299,0.032984425356991635,-0.009026937759582515,1.132520564343174,1435.4761246510946,1295.9447321671432,0.5843815518213578,0.9999060566213067,4.4312413420413295,132.4808451950631,1.0123673491489826,3.631945203282469,2.219542974727871,3.3850890492725383,0.009848495536837273,-0.00677480061332588,13.998998817411502,-0.010708570409097916,0.8306648018766294,10259.959960238379,82.99495821196993,0
-0.009540688390328012,0.0289199041624439,1.104443190664787,0.9973306761137981,-2.405132037762661,3.731036748170664,5.668820356093582,1.6330690118622055,-0.03616463925093272,-0.7745118198657912,-0.8565526628250911,0.8424213755738476,1.4899556753020016,1.4013990725577017,0.6063118216653502,-0.010547202337985985,0.2768414686271629,-0.011995979830261216,0.0015739573880188048,-0.009098250646247773,0.9515507714172035,14020440.283471476,12492.200587519352,322969.4525757759,0.02525179687155103,17611018.9278168,6.984223743599984,3.964637048825364,3.9204179096368024e+16,2.6959066388805072e+17,0.3784510137391264,0.022477139611776577,-0.002084114536327679,1.1164791493609214,1309.377960126675,1450.5202067223986,0.5984017975878815,0.9552279823845915,5.383500142289747,146.25643183101784,1.2591672469673356,2.8595066770842124,2.3817483542046367,2.309379995311868,0.007488720343745059,0.016923789417717175,16.862933822707326,0.005454519902026382,1.0434447579665012,8143.347547971726,73.08658370238953,0
0.015446253541205487,0.0420399167868393,1.0948094182658334,0.9946241326528856,-3.211166832076352,3.1221534933410857,6.228760401627376,1.4310809482261548,-0.03650430210783249,-0.7544161334960674,-0.831849484402146,0.8413600332451633,1.4282937830945341,1.8015753007823736,0.6044625258573382,0.008104985511865196,0.3261946804663114,0.007489431071237584,-0.015289701648577457,-0.021680886407239083,1.011159252307749,15335161.545843108,9644.306701839158,321846.1089086411,0.03594211940632439,16926160.97973918,7.409167162524265,4.755952554403367,3.831077866612608e+16,2.886025425870401e+17,0.34187775286408595,0.016730835517893724,0.011687130552693865,0.9215607289911183,1394.697868756799,1292.09192551771,0.5071447775795431,1.004143265100199,4.310489553763008,129.67136554621933,1.2541250282816072,3.0615132456335954,2.104858526802776,3.144291572507689,0.029958230967573773,0.005251458110044763,17.900737029171758,-0.0017542747870603536,1.1289332042321956,9273.208554071749,83.68977281533836,0
-0.004419255280860674,0.040584637881369734,1.0661222752438009,1.0005727114690939,-2.5177346688904017,3.081260417774735,6.414199270806213,1.689081495104355,-0.05656275498241662,-0.7885585076236112,-0.7399637647450522,0.70870141458482,1.3716899820978001,1.5439417600033716,0.7546968225777091,0.010407592877606085,0.2787268696435498,0.00016874452580169032,0.010070512629961852,0.004653386686244096,1.1331719056938778,17106537.321320113,11098.548407444592,377920.81578071596,0.04225412060700631,15498465.045553207,7.774601692071058,4.929537412776329,4.575434507580765e+16,2.4263587368897914e+17,0.32465241329667976,0.013745820378380662,0.006736625337481876,0.8223408279218444,1256.161183615833,1419.7289641867178,0.6126484230865298,0.7729637225362885,4.4159303999802155,122.65227157653881,1.0716534580811283,3.4547933832938846,2.477812407567019,3.158683413494105,0.019888301196966343,-0.005784036436567504,13.78753661711734,-0.005130553695754594,0.8862382121833127,11217.958926859877,98.71069103574993,0
0.0017056498866645743,0.042175011356381166,0.9791842828235047,0.8636413714694533,-3.18726623956126,2.844834263993617,5.989554532184841,1.7205979115196302,-0.057765666162636335,-0.6205592750844379,-0.8280999181648633,0.7169859398888356,1.1677653352347137,1.4218147161678627,0.8492694254842873,0.00825286364901592,0.26500840024757805,0.018082425550638694,-0.002221302798243318,-0.010213570236341,1.121358440151479,16812961.476949215,10554.34448468008,397296.8012900492,0.035021618533600224,19016242.0051735,8.563285352532532,5.971809547420127,4.674816429346597e+16,2.8582181757615302e+17,0.34201294421506623,0.02472506457325438,0.004714216851329585,1.3305774877711307,1330.1819439214626,1538.5932546329793,0.726143932529612,0.7888950354811234,4.375815235652516,147.68691960755234,0.9419591736998614,2.6372840801362485,1.9061810339220675,3.4867121405598995,0.022334921065774824,-0.008662618190442947,15.16838333585546,0.0053036725011515575,1.035407084815314,9910.108511820226,112.83735389439802,0
0.0021530639340152364,0.0559076427030309,0.9278625757623801,0.8638818961619812,-3.0066954978273324,3.6223365759548143,5.749812931615495,1.6688981580884275,-0.05919278253672732,-0.7366175262031476,-0.8604090347282354,0.626742411541563,1.153061800610293,1.8728805845811314,0.820388136128751,0.005329250866941165,0.3109388767870244,-0.0025408998420651846,-0.004725355341818723,0.005061820172510022,1.0096799432780765,17055606.822621174,9939.89098593146,333215.0531620626,0.012448384763791918,13202948.752149975,6.961732937564434,5.320963032675468,5.0824267930748904e+16,2.4920359487559286e+17,0.4560540499453477,0.037100149060566634,-0.0006633541697636766,1.0706599948003117,1576.765283696056,1564.1338068576356,0.5660580277962675,0.7984187706295547,4.759061378027841,124.3346124469702,0.9185657637292715,3.0091137805638017,1.7262165071771878,3.047326318759326,0.01139273840533274,-0.005048705722921714,16.19692658286013,-0.009912436113588857,0.8676991245644767,10291.664722331847,93.27212253319463,0
